THREADS;TIME
1;7.465.131
2;3.748.957
4;1.927.048
6;1.283.352
8;1.053.872
10; 0.777967
12; 0.672597
